Metric,Value,Category
Average Mobile Form Abandonment Rate,27% higher than desktop,Abandonment
Simplified Mobile Form Completion,63% higher completion rates,Optimization
SaaS Signup Flow Drop-off,64% of users drop off,Abandonment
Form Length Impact,27% abandon due to length,Abandonment
Security Concerns,29% abandon due to security,Abandonment
Social Login Conversion Boost,20-40% increase,Social Login
Social Login Adoption Growth,190% increase in 2 months,Social Login
Single Field Form Improvement,50% conversion increase,Optimization
Optional Phone Field Impact,37% fewer abandonments,Optimization
Mobile vs Desktop Preference,3% prefer mobile forms vs 84% desktop,User Preference
Progress Indicator Impact,15% reduction in abandonment,Optimization
Mobile Optimization Benefit,35% higher completion rates,Optimization
Email Verification Delay,8% improvement when delayed,Optimization
CAPTCHA Impact,12% higher abandonment with CAPTCHA,Abandonment
Form Completion Time,47% abandon if over 3 minutes,Abandonment
Multi-step vs Single-step,68% abandon complex forms,Abandonment
Mobile Cart Abandonment,85.2% mobile vs 70% overall,Mobile Specific
Google Social Login Dominance,90.8% of social authentications,Social Login
Apple Social Login Share,8.8% of social authentications,Social Login
Mobile Traffic Share,37.8% of all logins,Mobile Specific
